total_trades,win_rate,profit_factor,total_profit,max_drawdown,sharpe_ratio,avg_confidence
1,100.0,inf,5499.499500000005,968.4609985049999,-2.494463766681763,47.396267269583106
